Workbook

Sheet Calcul
A1: Prix de la part | B1: 300 | C1: =B1 -> 300 | D1: =C1 -> 300 | E1: =D1 -> 300 | F1: =E1 -> 300 | G1: =F1 -> 300 | H1: =G1 -> 300 | I1: =H1 -> 300 | J1: =I1 -> 300 | ... T1: =S1 -> 300
A2: Versement mensuel | B2: 1500 | C2: =B2 -> 1500 | D2: =C2 -> 1500 | E2: =D2 -> 1500 | F2: =E2 -> 1500 | G2: =F2 -> 1500 | H2: =G2 -> 1500 | I2: =H2 -> 1500 | J2: =I2 -> 1500 | ... T2: =S2 -> 1500
A3: Durée du versement programmé | B3: 150 | C3: =12*C8 -> 36 | D3: =12*D8 -> 48 | E3: =12*E8 -> 60 | F3: =12*F8 -> 72 | G3: =12*G8 -> 84 | H3: =12*H8 -> 96 | I3: =12*I8 -> 108 | J3: =12*J8 -> 120 | ... T3: =12*T8 -> 240
A4: Nombre de parts si pris en PP | B4: =B$2/B$1*B$3 -> 750 | C4: =C$2/C$1*C$3 -> 180 | D4: =D$2/D$1*D$3 -> 240 | E4: =E$2/E$1*E$3 -> 300 | F4: =F$2/F$1*F$3 -> 360 | G4: =G$2/G$1*G$3 -> 420 | H4: =H$2/H$1*H$3 -> 480 | I4: =I$2/I$1*I$3 -> 540 | ... T4: =T$2/T$1*T$3 -> 1200
A5: Nombre de parts si pris en NP | B5: =SUM(Ref!$C2:INDEX(Ref!$C:$C,MATCH(Calcul!B3,Ref!$A:$A,0))) -> 977.16899 | C5: =SUM(Ref!$C2:INDEX(Ref!$C:$C,MATCH(Calcul!C3,Ref!$A:$A,0))) -> 191.62962 | D5: =SUM(Ref!$C2:INDEX(Ref!$C:$C,MATCH(Calcul!D3,Ref!$A:$A,0))) -> 261.72936 | E5: =SUM(Ref!$C2:INDEX(Ref!$C:$C,MATCH(Calcul!E3,Ref!$A:$A,0))) -> 335.06363 | F5: =SUM(Ref!$C2:INDEX(Ref!$C:$C,MATCH(Calcul!F3,Ref!$A:$A,0))) -> 411.89688 | G5: =SUM(Ref!$C2:INDEX(Ref!$C:$C,MATCH(Calcul!G3,Ref!$A:$A,0))) -> 491.74894 | H5: =SUM(Ref!$C2:INDEX(Ref!$C:$C,MATCH(Calcul!H3,Ref!$A:$A,0))) -> 574.30196 | I5: =SUM(Ref!$C2:INDEX(Ref!$C:$C,MATCH(Calcul!I3,Ref!$A:$A,0))) -> 659.18577 | ... T5: =SUM(Ref!$C2:INDEX(Ref!$C:$C,MATCH(Calcul!T3,Ref!$A:$A,0))) -> 1731.7174
A6: Nombre de parts si pris à crédit | B6: =ROUNDDOWN(PV(B7/12,ROUNDDOWN(B3/12,0)*12,-B2),0)/B1/VLOOKUP(ROUNDDOWN(B3/12,0),Ref!$E$2:$F$19,2) -> 917.54688 | C6: =ROUNDDOWN(PV(C7/12,ROUNDDOWN(C3/12,0)*12,-C2),0)/C1/VLOOKUP(ROUNDDOWN(C3/12,0),Ref!$E$2:$F$19,2) -> 195.00952 | D6: =ROUNDDOWN(PV(D7/12,ROUNDDOWN(D3/12,0)*12,-D2),0)/D1/VLOOKUP(ROUNDDOWN(D3/12,0),Ref!$E$2:$F$19,2) -> 266.25397 | E6: =ROUNDDOWN(PV(E7/12,ROUNDDOWN(E3/12,0)*12,-E2),0)/E1/VLOOKUP(ROUNDDOWN(E3/12,0),Ref!$E$2:$F$19,2) -> 343.55833 | F6: =ROUNDDOWN(PV(F7/12,ROUNDDOWN(F3/12,0)*12,-F2),0)/F1/VLOOKUP(ROUNDDOWN(F3/12,0),Ref!$E$2:$F$19,2) -> 423.90414 | G6: =ROUNDDOWN(PV(G7/12,ROUNDDOWN(G3/12,0)*12,-G2),0)/G1/VLOOKUP(ROUNDDOWN(G3/12,0),Ref!$E$2:$F$19,2) -> 502.73874 | H6: =ROUNDDOWN(PV(H7/12,ROUNDDOWN(H3/12,0)*12,-H2),0)/H1/VLOOKUP(ROUNDDOWN(H3/12,0),Ref!$E$2:$F$19,2) -> 584.79254 | I6: =ROUNDDOWN(PV(I7/12,ROUNDDOWN(I3/12,0)*12,-I2),0)/I1/VLOOKUP(ROUNDDOWN(I3/12,0),Ref!$E$2:$F$19,2) -> 660.91905 | ... T6: =ROUNDDOWN(PV(T7/12,ROUNDDOWN(T3/12,0)*12,-T2),0)/T1/VLOOKUP(ROUNDDOWN(T3/12,0),Ref!$E$2:$F$19,2) -> 1539.5119
A7: Taux emprunt TAEG | B7: 0.035 | C7: =B7 -> 0.035 | D7: =C7 -> 0.035 | E7: =D7 -> 0.035 | F7: =E7 -> 0.035 | G7: =F7 -> 0.035 | H7: =G7 -> 0.035 | I7: =H7 -> 0.035 | J7: =I7 -> 0.035 | ... T7: =S7 -> 0.035
C8: 3 | D8: 4 | E8: 5 | F8: 6 | G8: 7 | H8: 8 | I8: 9 | J8: 10 | K8: 11 | L8: 12 | M8: 13 | N8: 14 | O8: 15 | P8: 16 | Q8: 17 | R8: 18 | S8: 19 | T8: 20
A9: Loyer trimestriel par part | B9: 4.5 | C9: =B9 -> 4.5 | D9: =C9 -> 4.5 | E9: =D9 -> 4.5 | F9: =E9 -> 4.5 | G9: =F9 -> 4.5 | H9: =G9 -> 4.5 | I9: =H9 -> 4.5 | J9: =I9 -> 4.5 | ... T9: =S9 -> 4.5
A10: Loyer trimestriel si pris en PP | B10: =B$9*B4 -> 3375 | C10: =C$9*C4 -> 810 | D10: =D$9*D4 -> 1080 | E10: =E$9*E4 -> 1350 | F10: =F$9*F4 -> 1620 | G10: =G$9*G4 -> 1890 | H10: =H$9*H4 -> 2160 | I10: =I$9*I4 -> 2430 | ... T10: =T$9*T4 -> 5400
A11: Loyer trimestriel si pris en NP | B11: =B$9*B5 -> 4397.2605 | C11: =C$9*C5 -> 862.33329 | D11: =D$9*D5 -> 1177.7821 | E11: =E$9*E5 -> 1507.7863 | F11: =F$9*F5 -> 1853.536 | G11: =G$9*G5 -> 2212.8703 | H11: =H$9*H5 -> 2584.3588 | I11: =I$9*I5 -> 2966.336 | ... T11: =T$9*T5 -> 7792.7284
A12: Loyer trimestriel si pris à crédit | B12: =B$9*B6 -> 4128.9609 | C12: =C$9*C6 -> 877.54286 | D12: =D$9*D6 -> 1198.1429 | E12: =E$9*E6 -> 1546.0125 | F12: =F$9*F6 -> 1907.5686 | G12: =G$9*G6 -> 2262.3243 | H12: =H$9*H6 -> 2631.5664 | I12: =I$9*I6 -> 2974.1357 | ... T12: =T$9*T6 -> 6927.8036

Sheet Ref
A1: Durée (mois) | B1: Clé | C1: Nombre de part | E1: Durée (années) | F1: Clé
A2: 1 | B2: 1 | C2: =Calcul!$B$2/Calcul!$B$1/Ref!B2 -> 5 | E2: 3 | F2: 0.875
A3: 2 | B3: 1 | C3: =Calcul!$B$2/Calcul!$B$1/Ref!B3 -> 5 | E3: 4 | F3: 0.84
A4: 3 | B4: 1 | C4: =Calcul!$B$2/Calcul!$B$1/Ref!B4 -> 5 | E4: 5 | F4: 0.8
A5: 4 | B5: 1 | C5: =Calcul!$B$2/Calcul!$B$1/Ref!B5 -> 5 | E5: 6 | F5: 0.765
A6: 5 | B6: 1 | C6: =Calcul!$B$2/Calcul!$B$1/Ref!B6 -> 5 | E6: 7 | F6: 0.74
A7: 6 | B7: 1 | C7: =Calcul!$B$2/Calcul!$B$1/Ref!B7 -> 5 | E7: 8 | F7: 0.715
A8: 7 | B8: 1 | C8: =Calcul!$B$2/Calcul!$B$1/Ref!B8 -> 5 | E8: 9 | F8: 0.7
A9: 8 | B9: 1 | C9: =Calcul!$B$2/Calcul!$B$1/Ref!B9 -> 5 | E9: 10 | F9: 0.67
A10: 9 | B10: 1 | C10: =Calcul!$B$2/Calcul!$B$1/Ref!B10 -> 5 | E10: 11 | F10: 0.655
A11: 10 | B11: 1 | C11: =Calcul!$B$2/Calcul!$B$1/Ref!B11 -> 5 | E11: 12 | F11: 0.64
A12: 11 | B12: 1 | C12: =Calcul!$B$2/Calcul!$B$1/Ref!B12 -> 5 | E12: 13 | F12: 0.63
A13: 12 | B13: 0.95 | C13: =Calcul!$B$2/Calcul!$B$1/Ref!B13 -> 5.2631579 | E13: 14 | F13: 0.62
... A19: 18 | B19: 0.935 | C19: =Calcul!$B$2/Calcul!$B$1/Ref!B19 -> 5.3475936 | E19: 20 | F19: 0.56
A20: 19 | B20: 0.9325 | C20: =Calcul!$B$2/Calcul!$B$1/Ref!B20 -> 5.3619303
A21: 20 | B21: 0.93 | C21: =Calcul!$B$2/Calcul!$B$1/Ref!B21 -> 5.3763441
A22: 21 | B22: 0.9275 | C22: =Calcul!$B$2/Calcul!$B$1/Ref!B22 -> 5.3908356
A23: 22 | B23: 0.925 | C23: =Calcul!$B$2/Calcul!$B$1/Ref!B23 -> 5.4054054
A24: 23 | B24: 0.9225 | C24: =Calcul!$B$2/Calcul!$B$1/Ref!B24 -> 5.4200542
A25: 24 | B25: 0.92 | C25: =Calcul!$B$2/Calcul!$B$1/Ref!B25 -> 5.4347826
A26: 25 | B26: 0.916 | C26: =Calcul!$B$2/Calcul!$B$1/Ref!B26 -> 5.4585153
A27: 26 | B27: 0.912 | C27: =Calcul!$B$2/Calcul!$B$1/Ref!B27 -> 5.4824561
A28: 27 | B28: 0.908 | C28: =Calcul!$B$2/Calcul!$B$1/Ref!B28 -> 5.5066079
A29: 28 | B29: 0.904 | C29: =Calcul!$B$2/Calcul!$B$1/Ref!B29 -> 5.5309735
A30: 29 | B30: 0.9 | C30: =Calcul!$B$2/Calcul!$B$1/Ref!B30 -> 5.5555556
A31: 30 | B31: 0.896 | C31: =Calcul!$B$2/Calcul!$B$1/Ref!B31 -> 5.5803571
... A241: 240 | B241: 0.56 | C241: =Calcul!$B$2/Calcul!$B$1/Ref!B241 -> 8.9285714
A243: ✅ | B243: Vous | C243: pouvez | D243: copier-coller | E243: ce | F243: bloc | G243: directement | H243: dans | I243: Excel | J243: (il | N243: tabulations).
A244: Voulez-vous | B244: que | C244: je | D244: vous | E244: génère | F244: un | G244: fichier | H244: Excel | I244: (.xlsx) | J244: prêt | N244: ce | O244: tableau | P244: ?
