Workbook

Sheet Paramètres
A1: Paramètre | B1: =_xlfn.CONCAT("Contrat gestion libre géré par CGP - rendement ",B2*100,"%") -> Contrat gestion libre géré par CGP - rendement 5% | C1: =_xlfn.CONCAT("Contrat gestion piloté BoursoBank - rendement ",C2*100,"%") -> Contrat gestion piloté BoursoBank - rendement 5% | D1: Placement sur compte courant
A2: Rendement annuel (%) | B2: 0.05 | C2: =B2 -> 0.05 | D2: 0
A3: Versement initial (€) | B3: 1000 | C3: =B3 -> 1000 | D3: 1000
A4: Frais d’entrée initial (%) | B4: 0.048 | C4: 0 | D4: 0
A5: Versement mensuel (€) | B5: 150 | C5: =B5 -> 150 | D5: 150
A6: Frais d’entrée mensuels (%) | B6: 0.048 | C6: 0 | D6: 0
A7: Frais de gestion annuels (%) | B7: 0.01 | C7: 0.023 | D7: 0

Sheet Simulation
A1: Mois | B1: =Paramètres!B1 -> Contrat gestion libre géré par CGP - rendement 5% | C1: =Paramètres!C1 -> Contrat gestion piloté BoursoBank - rendement 5% | D1: =Paramètres!D1 -> Placement sur compte courant
A2: 0 | B2: =Paramètres!B3*(1-Paramètres!B4) -> 952 | C2: =Paramètres!C3*(1-Paramètres!C4) -> 1000 | D2: =Paramètres!D3*(1-Paramètres!D4) -> 1000
A3: 1 | B3: =(B2+Paramètres!B$5*(1-Paramètres!B$4))*POWER(1+Paramètres!B$2,1/12)*(1-Paramètres!B$7/12) -> 1098.3443 | C3: =(C2+Paramètres!C$5*(1-Paramètres!C$4))*POWER(1+Paramètres!C$2,1/12)*(1-Paramètres!C$7/12) -> 1152.4721 | D3: =(D2+Paramètres!D$5*(1-Paramètres!D$4))*POWER(1+Paramètres!D$2,1/12)*(1-Paramètres!D$7/12) -> 1150
A4: 2 | B4: =(B3+Paramètres!B$5*(1-Paramètres!B$4))*POWER(1+Paramètres!B$2,1/12)*(1-Paramètres!B$7/12) -> 1245.1624 | C4: =(C3+Paramètres!C$5*(1-Paramètres!C$4))*POWER(1+Paramètres!C$2,1/12)*(1-Paramètres!C$7/12) -> 1305.272 | D4: =(D3+Paramètres!D$5*(1-Paramètres!D$4))*POWER(1+Paramètres!D$2,1/12)*(1-Paramètres!D$7/12) -> 1300
A5: 3 | B5: =(B4+Paramètres!B$5*(1-Paramètres!B$4))*POWER(1+Paramètres!B$2,1/12)*(1-Paramètres!B$7/12) -> 1392.4558 | C5: =(C4+Paramètres!C$5*(1-Paramètres!C$4))*POWER(1+Paramètres!C$2,1/12)*(1-Paramètres!C$7/12) -> 1458.4003 | D5: =(D4+Paramètres!D$5*(1-Paramètres!D$4))*POWER(1+Paramètres!D$2,1/12)*(1-Paramètres!D$7/12) -> 1450
A6: 4 | B6: =(B5+Paramètres!B$5*(1-Paramètres!B$4))*POWER(1+Paramètres!B$2,1/12)*(1-Paramètres!B$7/12) -> 1540.226 | C6: =(C5+Paramètres!C$5*(1-Paramètres!C$4))*POWER(1+Paramètres!C$2,1/12)*(1-Paramètres!C$7/12) -> 1611.8578 | D6: =(D5+Paramètres!D$5*(1-Paramètres!D$4))*POWER(1+Paramètres!D$2,1/12)*(1-Paramètres!D$7/12) -> 1600
A7: 5 | B7: =(B6+Paramètres!B$5*(1-Paramètres!B$4))*POWER(1+Paramètres!B$2,1/12)*(1-Paramètres!B$7/12) -> 1688.4746 | C7: =(C6+Paramètres!C$5*(1-Paramètres!C$4))*POWER(1+Paramètres!C$2,1/12)*(1-Paramètres!C$7/12) -> 1765.6451 | D7: =(D6+Paramètres!D$5*(1-Paramètres!D$4))*POWER(1+Paramètres!D$2,1/12)*(1-Paramètres!D$7/12) -> 1750
A8: 6 | B8: =(B7+Paramètres!B$5*(1-Paramètres!B$4))*POWER(1+Paramètres!B$2,1/12)*(1-Paramètres!B$7/12) -> 1837.2032 | C8: =(C7+Paramètres!C$5*(1-Paramètres!C$4))*POWER(1+Paramètres!C$2,1/12)*(1-Paramètres!C$7/12) -> 1919.7631 | D8: =(D7+Paramètres!D$5*(1-Paramètres!D$4))*POWER(1+Paramètres!D$2,1/12)*(1-Paramètres!D$7/12) -> 1900
A9: 7 | B9: =(B8+Paramètres!B$5*(1-Paramètres!B$4))*POWER(1+Paramètres!B$2,1/12)*(1-Paramètres!B$7/12) -> 1986.4132 | C9: =(C8+Paramètres!C$5*(1-Paramètres!C$4))*POWER(1+Paramètres!C$2,1/12)*(1-Paramètres!C$7/12) -> 2074.2124 | D9: =(D8+Paramètres!D$5*(1-Paramètres!D$4))*POWER(1+Paramètres!D$2,1/12)*(1-Paramètres!D$7/12) -> 2050
A10: 8 | B10: =(B9+Paramètres!B$5*(1-Paramètres!B$4))*POWER(1+Paramètres!B$2,1/12)*(1-Paramètres!B$7/12) -> 2136.1063 | C10: =(C9+Paramètres!C$5*(1-Paramètres!C$4))*POWER(1+Paramètres!C$2,1/12)*(1-Paramètres!C$7/12) -> 2228.9936 | D10: =(D9+Paramètres!D$5*(1-Paramètres!D$4))*POWER(1+Paramètres!D$2,1/12)*(1-Paramètres!D$7/12) -> 2200
A11: 9 | B11: =(B10+Paramètres!B$5*(1-Paramètres!B$4))*POWER(1+Paramètres!B$2,1/12)*(1-Paramètres!B$7/12) -> 2286.284 | C11: =(C10+Paramètres!C$5*(1-Paramètres!C$4))*POWER(1+Paramètres!C$2,1/12)*(1-Paramètres!C$7/12) -> 2384.1076 | D11: =(D10+Paramètres!D$5*(1-Paramètres!D$4))*POWER(1+Paramètres!D$2,1/12)*(1-Paramètres!D$7/12) -> 2350
A12: 10 | B12: =(B11+Paramètres!B$5*(1-Paramètres!B$4))*POWER(1+Paramètres!B$2,1/12)*(1-Paramètres!B$7/12) -> 2436.948 | C12: =(C11+Paramètres!C$5*(1-Paramètres!C$4))*POWER(1+Paramètres!C$2,1/12)*(1-Paramètres!C$7/12) -> 2539.5551 | D12: =(D11+Paramètres!D$5*(1-Paramètres!D$4))*POWER(1+Paramètres!D$2,1/12)*(1-Paramètres!D$7/12) -> 2500
A13: 11 | B13: =(B12+Paramètres!B$5*(1-Paramètres!B$4))*POWER(1+Paramètres!B$2,1/12)*(1-Paramètres!B$7/12) -> 2588.0996 | C13: =(C12+Paramètres!C$5*(1-Paramètres!C$4))*POWER(1+Paramètres!C$2,1/12)*(1-Paramètres!C$7/12) -> 2695.3367 | D13: =(D12+Paramètres!D$5*(1-Paramètres!D$4))*POWER(1+Paramètres!D$2,1/12)*(1-Paramètres!D$7/12) -> 2650
A14: 12 | B14: =(B13+Paramètres!B$5*(1-Paramètres!B$4))*POWER(1+Paramètres!B$2,1/12)*(1-Paramètres!B$7/12) -> 2739.7406 | C14: =(C13+Paramètres!C$5*(1-Paramètres!C$4))*POWER(1+Paramètres!C$2,1/12)*(1-Paramètres!C$7/12) -> 2851.4532 | D14: =(D13+Paramètres!D$5*(1-Paramètres!D$4))*POWER(1+Paramètres!D$2,1/12)*(1-Paramètres!D$7/12) -> 2800
... A242: 240 | B242: =(B241+Paramètres!B$5*(1-Paramètres!B$4))*POWER(1+Paramètres!B$2,1/12)*(1-Paramètres!B$7/12) -> 53938.5 | C242: =(C241+Paramètres!C$5*(1-Paramètres!C$4))*POWER(1+Paramètres!C$2,1/12)*(1-Paramètres!C$7/12) -> 48823.374 | D242: =(D241+Paramètres!D$5*(1-Paramètres!D$4))*POWER(1+Paramètres!D$2,1/12)*(1-Paramètres!D$7/12) -> 37000

Sheet Annuel
A1: Année | B1: =Paramètres!B1 -> Contrat gestion libre géré par CGP - rendement 5% | C1: =Paramètres!C1 -> Contrat gestion piloté BoursoBank - rendement 5% | D1: =Paramètres!D1 -> Placement sur compte courant
A2: 0 | B2: =Simulation!B2 -> 952 | C2: =Simulation!C2 -> 1000 | D2: =Simulation!D2 -> 1000
A3: 1 | B3: =Simulation!B14 -> 2739.7406 | C3: =Simulation!C14 -> 2851.4532 | D3: =Simulation!D14 -> 2800
A4: 2 | B4: =Simulation!B26 -> 4598.1828 | C4: =Simulation!C26 -> 4751.2347 | D4: =Simulation!D26 -> 4600
A5: 3 | B5: =Simulation!B38 -> 6530.1226 | C5: =Simulation!C38 -> 6700.6062 | D5: =Simulation!D38 -> 6400
A6: 4 | B6: =Simulation!B50 -> 8538.4668 | C6: =Simulation!C50 -> 8700.8621 | D6: =Simulation!D50 -> 8200
A7: 5 | B7: =Simulation!B62 -> 10626.237 | C7: =Simulation!C62 -> 10753.331 | D7: =Simulation!D62 -> 10000
A8: 6 | B8: =Simulation!B74 -> 12796.574 | C8: =Simulation!C74 -> 12859.375 | D8: =Simulation!D74 -> 11800
A9: 7 | B9: =Simulation!B86 -> 15052.744 | C9: =Simulation!C86 -> 15020.392 | D9: =Simulation!D86 -> 13600
A10: 8 | B10: =Simulation!B98 -> 17398.141 | C10: =Simulation!C98 -> 17237.819 | D10: =Simulation!D98 -> 15400
A11: 9 | B11: =Simulation!B110 -> 19836.293 | C11: =Simulation!C110 -> 19513.128 | D11: =Simulation!D110 -> 17200
A12: 10 | B12: =Simulation!B122 -> 22370.87 | C12: =Simulation!C122 -> 21847.828 | D12: =Simulation!D122 -> 19000
A13: 11 | B13: =Simulation!B134 -> 25005.683 | C13: =Simulation!C134 -> 24243.472 | D13: =Simulation!D134 -> 20800
A14: 12 | B14: =Simulation!B146 -> 27744.699 | C14: =Simulation!C146 -> 26701.648 | D14: =Simulation!D146 -> 22600
A15: 13 | B15: =Simulation!B158 -> 30592.037 | C15: =Simulation!C158 -> 29223.99 | D15: =Simulation!D158 -> 24400
A16: 14 | B16: =Simulation!B170 -> 33551.982 | C16: =Simulation!C170 -> 31812.173 | D16: =Simulation!D170 -> 26200
A17: 15 | B17: =Simulation!B182 -> 36628.986 | C17: =Simulation!C182 -> 34467.916 | D17: =Simulation!D182 -> 28000
A18: 16 | B18: =Simulation!B194 -> 39827.68 | C18: =Simulation!C194 -> 37192.98 | D18: =Simulation!D194 -> 29800
A19: 17 | B19: =Simulation!B206 -> 43152.875 | C19: =Simulation!C206 -> 39989.178 | D19: =Simulation!D206 -> 31600
A20: 18 | B20: =Simulation!B218 -> 46609.576 | C20: =Simulation!C218 -> 42858.364 | D20: =Simulation!D218 -> 33400
A21: 19 | B21: =Simulation!B230 -> 50202.982 | C21: =Simulation!C230 -> 45802.444 | D21: =Simulation!D230 -> 35200
A22: 20 | B22: =Simulation!B242 -> 53938.5 | C22: =Simulation!C242 -> 48823.374 | D22: =Simulation!D242 -> 37000
